Date,gross,net,equity
2021-01-04,,,
2021-01-05,0.0,0.0,1.0
2021-01-06,0.0,0.0,1.0
2021-01-11,0.0,0.0,1.0
2021-01-12,0.0,0.0,1.0
2021-01-13,0.0,0.0,1.0
2021-01-14,-0.0,-0.0,1.0
2021-01-15,-0.0,-0.0,1.0
2021-01-19,0.002086423772957057,0.0020332802711300396,1.00203328027113
2021-01-20,0.0,-5.3143501827017375e-05,1.001980028713669
2021-01-22,-0.0,-0.0,1.001980028713669
2021-01-25,0.0,0.0,1.001980028713669
2021-01-26,-0.0005166612962939432,-0.0005828579466969725,1.0013960166915017
2021-01-27,-0.009458794976023187,-0.009470001288013178,0.9919127951236218
2021-01-28,0.0015832395548780718,0.0015426552262071227,0.9934429745809611
2021-01-29,-0.0,-3.6818633722070255e-05,0.9934063973679562
2021-02-01,0.0,0.0,0.9934063973679562
2021-02-02,0.0017361585712668494,0.0017116023980482276,0.9951067141399276
2021-02-09,0.004923015616325875,0.004904390835116479,0.9999871063887183
2021-02-10,-0.0,-4.318095442801792e-05,0.9999439259910488
2021-02-11,0.0002898516060784355,0.00025395139072626204,1.0001978631417026
2021-02-12,0.0017346867298088078,0.0017003580647260805,1.0018985576446173
2021-02-16,-0.0003215395266300034,-0.0003255585886351223,1.001572380964235
2021-02-17,0.0,-7.424794244001964e-05,1.0014980162757436
2021-02-18,-0.0006374567555775726,-0.00066741331612881,1.0008296031636046
2021-02-19,-0.0,-2.9956560551237456e-05,1.000799621750996
2021-02-22,-0.0021186377234973875,-0.0021737269082909862,0.9986241566833884
2021-02-23,0.0,-5.508918479359867e-05,0.9985691432926815
2021-02-24,0.0,0.0,0.9985691432926815
2021-02-25,-0.0,-0.0,0.9985691432926815
2021-02-26,-0.0011172137276304513,-0.0011605777135526825,0.9974102261995347
2021-03-01,0.0,-4.3363985922231197e-05,0.9973669745165271
2021-03-02,-0.0,-0.0,0.9973669745165271
2021-03-03,-0.0,-0.0,0.9973669745165271
2021-03-04,-0.0,-0.0,0.9973669745165271
2021-03-05,0.0,0.0,0.9973669745165271
2021-03-08,-0.0,-0.0,0.9973669745165271
2021-03-09,0.0,0.0,0.9973669745165271
2021-03-10,0.0015292197877006368,0.00148008599066929,0.9988431634030653
2021-03-16,0.0018738047228770444,0.0018477356165961564,1.0006887614914788
2021-03-17,0.0,-2.3064690750458817e-05,1.0006656809146575
2021-03-18,-0.00211274249131331,-0.0021417846127637524,0.9985224705567537
2021-03-19,-0.0,-2.9042121450442443e-05,0.9984934713458927
2021-03-22,0.0,0.0,0.9984934713458927
2021-03-23,-0.0,-0.0,0.9984934713458927
2021-03-24,-0.0006403502665235147,-0.0006655436190813072,0.9978289303873441
2021-03-25,0.0,-2.5193352557792504e-05,0.9978037917313085
2021-03-26,0.0,0.0,0.9978037917313085
2021-03-29,-0.0,-0.0,0.9978037917313085
2021-03-30,-0.0,-0.0,0.9978037917313085
2021-03-31,0.0,0.0,0.9978037917313085
2021-04-01,0.0,0.0,0.9978037917313085
2021-04-06,0.0,0.0,0.9978037917313085
2021-04-07,0.0,0.0,0.9978037917313085
2021-04-08,0.0,0.0,0.9978037917313085
2021-04-14,0.0,0.0,0.9978037917313085
2021-04-15,0.0,0.0,0.9978037917313085
2021-04-16,0.0012907964489547862,0.0012135570323236044,0.9990146835396431
2021-04-19,-0.0,-7.723941663118182e-05,0.9989375202282805
2021-04-20,-0.0,-0.0,0.9989375202282805
2021-04-21,0.0027034385933017817,0.0026462951859221925,1.0015810037790978
2021-04-22,-0.0,-5.7143407379589153e-05,1.001523770027775
2021-04-23,0.0,0.0,1.001523770027775
2021-04-26,0.00037277036920044856,0.000337058455546723,1.001861342082894
2021-04-27,-0.0,-3.5711913653725536e-05,1.0018255636971525
2021-04-28,-6.0202142637424784e-05,-0.00010210027128734882,1.0017232770353164
2021-04-29,0.0,-4.189812864992403e-05,1.0016813067045836
2021-04-30,-0.001572129885967292,-0.0016199825158219575,1.0000586005012964
2021-05-03,0.0005887863673208962,0.0005820465381800635,1.0006406811476953
2021-05-04,-0.0,-5.459245899549831e-05,1.0005860537123406
2021-05-05,0.0,0.0,1.0005860537123406
2021-05-06,0.0,0.0,1.0005860537123406
2021-05-10,-0.0,-0.0,1.0005860537123406
2021-05-11,-0.0,-0.0,1.0005860537123406
2021-05-12,-0.0,-0.0,1.0005860537123406
2021-05-13,0.0,0.0,1.0005860537123406
2021-05-14,0.0,0.0,1.0005860537123406
2021-05-17,-0.0,-0.0,1.0005860537123406
2021-05-18,-0.0,-0.0,1.0005860537123406
2021-05-19,-0.0,-0.0,1.0005860537123406
2021-05-20,0.0,0.0,1.0005860537123406
2021-05-21,-0.0,-0.0,1.0005860537123406
2021-05-24,0.0,0.0,1.0005860537123406
2021-05-25,-0.0,-0.0,1.0005860537123406
2021-05-26,0.0,0.0,1.0005860537123406
2021-05-27,9.634987358975747e-05,5.964654168810639e-05,1.0006457352101057
2021-06-01,0.00021094385906087222,0.00020109223659861347,1.000846957299042
2021-06-02,0.0,-4.6554954363909835e-05,1.0008003629146196
2021-06-03,-0.0,-0.0,1.0008003629146196
2021-06-04,0.0,0.0,1.0008003629146196
2021-06-07,-0.0002629299994445299,-0.00031713805530020974,1.000482971033781
2021-06-08,0.0,-5.4208055855679796e-05,1.0004287367970046
2021-06-09,-0.00037201351400439875,-0.0004218865857981814,1.0000066693329028
2021-06-10,0.0,-4.9873071793782665e-05,0.9999567959284889
2021-06-11,0.0006113596458903366,0.0005373579647654131,1.0004941306772024
2021-06-15,0.0,-7.400168112492346e-05,1.0004200924295767
2021-06-16,-0.0,-0.0,1.0004200924295767
2021-06-17,-0.0,-0.0,1.0004200924295767
2021-06-18,-0.0,-0.0,1.0004200924295767
2021-06-21,0.004340340988560576,0.004279703985530288,1.0047015942863522
2021-06-22,0.0,-6.0637003030288106e-05,1.004640672192735
2021-06-23,-0.0,-0.0,1.004640672192735
2021-06-24,0.00130043259839624,0.001256467984127217,1.005902971032897
2021-06-25,0.0,-4.396461426902289e-05,1.0058587468967835
2021-07-06,0.0,0.0,1.0058587468967835
2021-07-07,0.0,0.0,1.0058587468967835
2021-07-08,-0.0023499488184538205,-0.002407630201164867,1.0034370109996489
2021-07-09,0.002525174307928364,0.0025148039394111282,1.0059604583478619
2021-07-12,0.0,-4.73110141938106e-05,1.0059128653383385
2021-07-13,-0.0008740253864611675,-0.0009253039638775081,1.0049820901767255
2021-07-14,0.0004698699442241964,0.00045817666079715725,1.0054425495149637
2021-07-15,-0.0015244212297329585,-0.0015507124932721487,1.0038833971921635
2021-07-16,-0.005407090212457879,-0.00545569973421069,0.9984065108089236
2021-07-19,-0.0,-0.00013787264613538072,0.9982688578613595
2021-07-20,0.004036799544052379,0.003980459634611239,1.002242426754566
2021-07-21,0.0,-5.6339909441140536e-05,1.0021859605070047
2021-07-27,0.0,0.0,1.0021859605070047
2021-07-28,-0.0,-0.0,1.0021859605070047
2021-07-29,0.0013420219502481515,0.0012773077429903126,1.0034660603942767
2021-07-30,-0.001206106153445224,-0.001221149010325715,1.0022406788077307
2021-08-02,-0.0,-4.967135037734789e-05,1.0021908961598112
2021-08-03,0.0,0.0,1.0021908961598112
2021-08-04,-0.0,-0.0,1.0021908961598112
2021-08-05,0.0,0.0,1.0021908961598112
2021-08-06,0.00031327030927577403,0.00027535484047175296,1.0024668542741455
2021-08-09,-0.0,-3.791546880402104e-05,1.0024288452734051
2021-08-10,0.0,0.0,1.0024288452734051
2021-08-11,0.0,0.0,1.0024288452734051
2021-08-17,0.0,0.0,1.0024288452734051
2021-08-18,-0.0,-0.0,1.0024288452734051
2021-08-19,0.0,0.0,1.0024288452734051
2021-08-20,0.0,0.0,1.0024288452734051
2021-08-26,0.0,0.0,1.0024288452734051
2021-08-27,0.0,0.0,1.0024288452734051
2021-08-30,0.0,0.0,1.0024288452734051
2021-08-31,-0.0,-0.0,1.0024288452734051
2021-09-01,0.0,0.0,1.0024288452734051
2021-09-02,0.0010898977869090083,0.0010190452640598388,1.003450365640738
2021-09-03,-0.00013030580207784256,-0.00016678397490639917,1.0032830062001352
2021-09-07,-0.0,-0.0001073306956777262,1.003175323137118
2021-09-08,-0.0,-0.0,1.003175323137118
2021-09-09,-0.0,-0.0,1.003175323137118
2021-09-10,-0.0,-0.0,1.003175323137118
2021-09-13,0.0,0.0,1.003175323137118
2021-09-14,-0.0,-0.0,1.003175323137118
2021-09-15,0.0,0.0,1.003175323137118
2021-09-16,-0.0,-0.0,1.003175323137118
2021-09-17,-0.0,-0.0,1.003175323137118
2021-09-20,-0.0,-0.0,1.003175323137118
2021-09-21,-0.0,-0.0,1.003175323137118
2021-09-22,0.005043190647197549,0.0049397924000380575,1.0081308009742567
2021-09-23,0.008122773659365961,0.008092463420511682,1.016289062604232
2021-09-27,-0.0,-0.00013370848601377107,1.0161531761323188
2021-09-28,-0.0,-0.0,1.0161531761323188
2021-09-29,0.0,0.0,1.0161531761323188
2021-09-30,-0.002780988786496146,-0.0028264952858634788,1.0132810239702656
2021-10-01,0.0030325736910489457,0.0030270452490057933,1.0163482714797825
2021-10-04,-0.005859963717291134,-0.005899809699892889,1.0103520100892367
2021-10-05,0.00409020186788202,0.0040779418690966825,1.0144721668537056
2021-10-06,0.0024840953217554894,0.0024431727146947647,1.0169506975715799
2021-10-08,0.002911864717819365,0.0028778865161920744,1.019877366271753
2021-10-11,-0.0015069705583528293,-0.001550905770176818,1.0182956325795296
2021-10-12,-0.0008157167624123505,-0.0008403623016724467,1.0174398953179522
2021-10-13,0.0,-6.627565809644465e-05,1.0173724638193165
2021-10-14,0.0,0.0,1.0173724638193165
2021-10-22,0.004591094008199379,0.004552834990079347,1.0220043927705362
2021-10-25,0.0,-3.825901812003231e-05,1.0219652918859545
2021-10-26,0.00023530556035421694,0.00018301507353431129,1.0221523269389985
2021-10-27,-0.0006014359966225418,-0.0006265745527263601,1.0215118723019285
2021-10-28,0.0,-2.7151930716087304e-05,1.0214841362823461
2021-10-29,0.00035983140758511623,0.00032436501770099206,1.0218154700022926
2021-11-09,0.0,-3.546638988412418e-05,1.0217792298964439
2021-11-10,-0.0,-0.0,1.0217792298964439
2021-11-11,0.0,0.0,1.0217792298964439
2021-11-12,0.0,0.0,1.0217792298964439
2021-11-17,0.0004750233068631951,0.0004239981686475963,1.0222124624186821
2021-11-18,0.0,-5.102513821559879e-05,1.0221603038865015
2021-11-19,-0.0,-0.0,1.0221603038865015
2021-11-22,-0.0,-0.0,1.0221603038865015
2021-11-23,0.0,0.0,1.0221603038865015
2021-11-24,0.0,0.0,1.0221603038865015
2021-11-26,-0.0,-0.0,1.0221603038865015
2021-11-29,0.0,0.0,1.0221603038865015
2021-11-30,-0.0,-0.0,1.0221603038865015
2021-12-01,-0.0,-0.0,1.0221603038865015
2021-12-02,0.0,0.0,1.0221603038865015
2021-12-03,-0.001290306093464076,-0.0013199629593036476,1.0208110901469007
2021-12-06,0.0025861109362004947,0.002572096734788143,1.0234367150187031
2021-12-07,0.0035071737710981846,0.0034974134210906858,1.0270160963214465
2021-12-09,-0.0011068167894223199,-0.0011266148354130297,1.0258590447511229
2021-12-10,0.0,-5.370876323513457e-05,1.0258039471305758
2021-12-13,-0.0012445401598104886,-0.0012726391325977033,1.0244984688850842
2021-12-14,-0.00123373725028102,-0.0012415025511343402,1.0232265514223302
2021-12-15,0.0,-3.5864273640534894e-05,1.0231898541452937
2021-12-16,-0.0,-0.0,1.0231898541452937
2021-12-17,-0.0,-0.0,1.0231898541452937
2021-12-20,-0.0,-0.0,1.0231898541452937
2021-12-21,0.0,0.0,1.0231898541452937
2021-12-22,0.0019793780756344045,0.0019397859320561266,1.0251746234301875
2021-12-28,0.0,-3.959214357827787e-05,1.0251340345693039
2021-12-29,0.0,0.0,1.0251340345693039
2021-12-30,-0.0,-0.0,1.0251340345693039
2021-12-31,-0.0,-0.0,1.0251340345693039
2022-01-03,0.0014518390303579433,0.0014016896620010976,1.026570954347725
2022-01-04,-3.940351888293305e-05,-6.602358531685362e-05,1.0265031764527368
2022-01-05,-0.002699072470914171,-0.002703655236823352,1.0237278657641045
2022-01-06,-0.00021916418218002765,-0.00023771383834275087,1.0234845114837152
2022-01-07,-0.0,-4.66617239948289e-05,1.0234367539319273
2022-01-10,-0.0,-0.0,1.0234367539319273
2022-01-11,0.0,0.0,1.0234367539319273
2022-01-12,0.0005587956523368572,0.0005174547275849488,1.0239663361186337
2022-01-13,-0.0025731974231153463,-0.0025771877874557355,1.021327382582423
2022-01-14,7.175853424465017e-05,6.94941287535068e-05,1.0213983588390476
2022-01-18,-0.0,-3.5086154920376016e-05,1.0213625218979938
2022-01-19,-0.0,-0.0,1.0213625218979938
2022-01-20,-0.004647183026038687,-0.004731157292654605,1.016530295154072
2022-01-21,-0.009639958412364183,-0.009654198545725664,1.0067165098569095
2022-01-24,0.001776294237505701,0.0017617347866633341,1.0084900773526329
2022-01-25,-0.004898155582051335,-0.004901573541893039,1.0035468890722195
2022-01-26,-0.0013837580137414985,-0.0014138375832632522,1.0021280367638823
2022-01-27,-0.003584400678542226,-0.003619260655207513,0.9985010741889424
2022-01-28,0.01670036264942376,0.01668967465646655,1.0151657322612884
2022-01-31,0.00836553916385069,0.008323943954107061,1.0236159149207613
2022-02-03,-0.0021922270073230442,-0.0022255239869666374,1.0213378331486644
2022-02-04,0.0014964875291375089,0.0014924335666656819,1.022862112013761
2022-02-07,-0.000936693562371084,-0.0009419723021200907,1.021898604235356
2022-02-08,0.0010751705945756624,0.0010429338236650207,1.022964376854069
2022-02-09,0.0017589921560459668,0.0017568937516816,1.0247616165759568
2022-02-10,-0.0035915464581682053,-0.0036074929215445077,1.0210647962978885
2022-02-11,-0.0,-3.9982863960048e-05,1.0210239712030438
2022-02-14,-0.0,-0.0,1.0210239712030438
2022-02-15,0.004179035319142209,0.004127208119261701,1.0252379496269537
2022-02-16,0.0002802225431270334,0.0002783941942656093,1.0255233699198707
2022-02-17,-0.003910324954774971,-0.003923712727015189,1.0214995108214646
2022-02-18,-0.002241076066826572,-0.0022736861772996706,1.0191769415035916
2022-02-22,-0.0,-6.922118925196461e-05,1.0191063928636426
2022-02-23,-0.0,-0.0,1.0191063928636426
2022-02-24,0.0,0.0,1.0191063928636426
2022-02-25,0.0027084848606116598,0.0026839336092272124,1.0218416067628278
2022-02-28,-0.0,-2.4551251384447312e-05,1.021816519272665
2022-03-01,-0.002139132860503565,-0.002167223470085878,1.0196020145299758
2022-03-02,0.0026770505149524854,0.0026760366349279923,1.0223305068739046
2022-03-03,-0.0010676670682129839,-0.0010814554606816819,1.0212249019646242
2022-03-04,-0.0011197776383483377,-0.0011351054756099264,1.020065703986575
2022-03-07,-0.010027493871954158,-0.010067959682503746,1.0097957236053334
2022-03-08,-0.002239817134832803,-0.002248763798736899,1.0075249315379704
2022-03-09,0.011077611754709142,0.011054060486255811,1.018662173072602
2022-03-10,-0.0013292638959889348,-0.0013530219029894697,1.017283900840688
2022-03-11,-0.0,-5.887745291220328e-05,1.0172240057557178
2022-03-14,-0.002292831744128022,-0.0023555786763573873,1.0148278545786809
2022-03-15,0.007303438759727307,0.007299761560644773,1.0222358559422058
2022-03-16,0.0025758290220383156,0.002532637397594934,1.0248248087001275
2022-03-21,0.005221341879637078,0.005199758526708008,1.030153650237548
2022-03-22,0.0010414070363697098,0.0010143907236590053,1.0311986285442925
2022-03-23,-0.0011049000804518514,-0.0011055407888129714,1.0300585963990687
2022-03-24,0.0,-1.7158838725763206e-05,1.030040921789735
2022-03-25,0.0013531382633949858,0.0012977207790176545,1.0313776272971802
2022-03-30,0.0016702599607535153,0.001640004225799978,1.0330690909643432
2022-03-31,-0.00392892200232964,-0.003954814534629935,1.0289834943081204
2022-04-01,0.00032167030875107085,0.000293317372520079,1.0292853130430375
2022-04-04,0.002026552981568972,0.002001941191384266,1.0313458817089052
2022-04-05,-0.0023575334795527306,-0.0023675177077064806,1.0289041520711892
2022-04-06,-0.0014519339028526272,-0.0014602221831933417,1.0274017234039552
2022-04-07,0.001409571687720253,0.0013826645798021555,1.0288222753761334
2022-04-08,-0.0008173050019538023,-0.000822490636951928,1.027976078687549
2022-04-11,-0.0053930864122708425,-0.005395058241240871,1.0224300878724273
2022-04-12,-0.000966380451145552,-0.000977321414881553,1.0214308450523302
2022-04-13,0.004152952515472359,0.004132598010815887,1.0256520081307794
2022-04-14,-0.0014676567138393552,-0.0015166020201737359,1.0240965022232529
2022-04-18,0.00010789262028445079,7.899162668555145e-05,1.0241773972718464
2022-04-19,0.004155469690429566,0.004154479653667691,1.0284323214305586
2022-04-20,-0.00022968440821068863,-0.0002401431755006062,1.0281853504271028
2022-04-21,-0.006990657943609286,-0.007022213868324979,1.020965213000125
2022-04-22,-0.0124828504871668,-0.012485364081832996,1.0082180906009324
2022-04-25,0.001793470719739266,0.001764356183289425,1.0099969464231884
2022-04-26,-0.009030274454864472,-0.00903076552499245,1.0008759008190822
2022-04-27,0.0007744401138550512,0.000767160118380733,1.001643732893639
2022-04-28,0.009390456542422747,0.009371186483203961,1.0110303231043178
2022-04-29,-0.015371394991869519,-0.015380231373946592,0.9954804428088975
2022-05-02,0.001415109908476552,0.0013789411037783482,0.9968531517094942
2022-05-03,0.0012582311438082629,0.0012503560531318366,0.9980995730818177
2022-05-05,-0.0012487304227645078,-0.001263162415057273,0.996838811214616
2022-05-06,-0.0015641878839546,-0.0015761359180761745,0.9952676577597284
2022-05-09,-0.010350350954041573,-0.010362595031800271,0.9849541020741159
2022-05-10,0.0006555251820062803,0.0006476103891106047,0.9855919685834162
2022-05-11,-0.003829509928694342,-0.00383803806952102,0.981809229086979
2022-05-12,-0.0002505817794544281,-0.0002507841782936547,0.9815630068662213
2022-05-13,0.0037604753671031657,0.0037439241912881048,0.9852379043529012
2022-05-16,-0.0004383496268992431,-0.0004482005371350107,0.9847963201949644
2022-05-17,0.005176792813151536,0.0051480675980728734,0.9898661182216615
2022-05-18,-0.01068206759216485,-0.010684732673164202,0.9792896633662403
2022-05-19,-0.0015473003961834675,-0.0015497725782397883,0.9777719870998017
2022-05-20,9.04154669598555e-05,8.129602654575906e-05,0.9778514760772207
2022-05-23,0.0032945174710066988,0.003288328004659929,0.9810669724704033
2022-05-24,-0.0017444136684789298,-0.0017548978943339737,0.9793453001062143
2022-05-25,0.002011035823099273,0.0020108584172702474,0.9813146248463469
2022-05-26,0.005836686633262651,0.005823788757264795,0.9870295939258665
2022-05-31,0.00575275405902043,0.005749976902252247,0.9927049912927797
2022-06-01,-0.001351038333187225,-0.001378829729198296,0.9913362201384616
2022-06-02,0.00623771110427733,0.006205607417871409,0.9974880635397574
2022-06-03,-0.004983030484754341,-0.004987814741183635,0.9925127778722791
2022-06-06,0.0005149657267551741,0.0004880672212887745,0.9929971908258689
2022-06-07,0.003216572119564289,0.0031833342224222515,0.9961582327661941
2022-06-08,-0.003965381365071833,-0.003971260853552612,0.9922022285724655
2022-06-09,-0.009464125503899112,-0.009470767244638627,0.9828053122060441
2022-06-10,-0.009741126805803095,-0.009753523204323496,0.97321949778811
2022-06-13,-0.012362597035083063,-0.012364666992017164,0.9611859627878218
2022-06-14,-0.0008068159162371004,-0.0008183870310162326,0.9603993406614814
2022-06-15,0.0023695121581410496,0.002349204292636612,0.9626555149152086
2022-06-16,-0.0047213618699920015,-0.0047260722481916135,0.9581059354015992
2022-06-17,0.0002504166189310132,0.00024511859547327334,0.9583407849827994
2022-06-21,0.0061994455067887685,0.006173425189239603,0.9642570301246879
2022-06-22,-0.0002449125896460599,-0.00026714538394601863,0.9639994333101526
2022-06-23,0.0017595283862695931,0.0017506495858977322,0.9656870585188826
2022-06-24,0.006208735657439178,0.006205579316779678,0.9716797061557092
2022-06-27,-0.000909289053199173,-0.0009178430396581229,0.9707878567006372
2022-06-28,-0.0020319197028498097,-0.002059641111320664,0.9687883821206057
2022-06-29,-0.00016758741260677608,-0.00018886265788256397,0.9686054141718327
2022-06-30,-0.00267049048371768,-0.0026950672821023686,0.965994957410831
2022-07-01,0.0021601421317557295,0.0021352498227407003,0.9680575979724109
2022-07-05,0.0005519741946498554,0.0005343698187908839,0.9685748987356186
2022-07-08,0.0029810321189134856,0.0029565176026931437,0.9714385074732572
2022-07-11,-0.0029021543031287483,-0.0029190260686520362,0.9686028531458504
2022-07-12,-0.0021421717178091624,-0.002144565894730033,0.9665256205014556
2022-07-13,-0.0018100485912227286,-0.0018305664796285988,0.9647563310988634
2022-07-14,-0.0003911470953200293,-0.00042786676851821776,0.9643435439250686
2022-07-15,0.0017221509500397766,0.0017079651169337768,0.9659906090588329
2022-07-18,-0.0009706539424800958,-0.0009761365802104631,0.9650476702891908
2022-07-19,0.010402046307515803,0.010348559725486463,0.97503452374312
2022-07-20,0.0025156137248995877,0.0025136673072079373,0.9774854361488522
2022-07-22,0.0001065672444530956,5.391684388670879e-05,0.9775381390785145
2022-07-25,0.0004028837595193597,0.00036285857036067994,0.9778928471701337
2022-07-26,-0.005721643246363538,-0.005752046455585224,0.9722679620846265
2022-07-27,0.012260463275296804,0.012258174270917263,0.9841861922018895
2022-07-28,0.00385623770745348,0.0038232966470180883,0.9879490279705766
2022-08-01,0.003490159175529837,0.003488975897726822,0.9913959583173485
2022-08-02,-0.0,-6.030853170829961e-05,0.9913361686827608
2022-08-03,0.0,0.0,0.9913361686827608
2022-08-04,-0.00017981691598988885,-0.00023304461355843454,0.9911051431284236
2022-08-05,-0.0,-5.3227697568545676e-05,0.9910523888836065
2022-08-08,-0.00023356952437660685,-0.0002738006726173314,0.9907810380729312
2022-08-09,-0.0007767854118168209,-0.0007778919478722047,0.9900103174813097
2022-08-10,0.005510044770625181,0.0054967027704697375,0.9954521099362029
2022-08-11,0.0,-3.23912141942333e-06,0.9954488855459517
2022-08-17,0.0,-4.9227490921360964e-05,0.9953998820949758
2022-08-18,0.0006060656419150193,0.0005643592460811117,0.9959616452219842
2022-08-19,-0.005024743093762629,-0.005057820964877804,0.9909242495325662
2022-08-22,-0.007417894876584016,-0.0074214302433038,0.9835701743382621
2022-08-23,-0.0009212555765842206,-0.0009261638628477974,0.982659227186215
2022-08-24,0.0014211191106304306,0.0014084891641597897,0.9840432920597684
2022-08-25,0.007741660012102607,0.00772077301307822,0.9916408669528041
2022-08-26,-0.0076089136434009386,-0.007673629874025545,0.9840313819718505
2022-08-29,-0.002132333521610158,-0.0021518717852569676,0.9819138726051778
2022-08-30,-0.0035580339734576256,-0.0035583613956622307,0.9784198681870343
2022-08-31,-0.002628011391807155,-0.0026322614503258997,0.9758444112857726
2022-09-01,0.0012944390284436664,0.0012810126269052308,0.9770944802985245
2022-09-02,-0.0032892277521612617,-0.0033093402387344675,0.9738609422178274
2022-09-06,-0.0010232716390922373,-0.0010314205488059414,0.9728564820303445
2022-09-07,0.005154493996446052,0.005151348967274935,0.9778680052643582
2022-09-08,0.0018240982311067769,0.0018225296808440084,0.9796501987279003
2022-09-13,-0.009006868903511529,-0.00905012505722573,0.9707842419170768
2022-09-14,0.0013621073832046264,0.0013344304229814,0.9720796859436419
2022-09-15,-0.0038726227539154527,-0.003875796174087831,0.9683121032159531
2022-09-16,-0.0025348632429181444,-0.002536628869886968,0.9658558547798746
2022-09-19,0.0033537457869112393,0.003333705517790102,0.969075733772344
2022-09-20,-0.004208749892967006,-0.004221912405136578,0.9649843809104137
2022-09-21,-0.005098028993523976,-0.0051129115911415874,0.9600505010839863
2022-09-22,-0.002304970617528391,-0.002308539325353565,0.9578341867479084
2022-09-23,-0.006315069464060871,-0.00633556982452548,0.9517657613774495
2022-09-26,-0.002637994691512204,-0.0026600440851326703,0.9492340224934657
2022-09-27,-0.0007529777199824928,-0.0007586361685300056,0.9485138992316029
2022-09-28,0.0038536601780470242,0.003833839118356267,0.9521503489227817
2022-09-29,-0.0023285596681229055,-0.0023454353298677866,0.9499171418550724
2022-09-30,-0.004498971584735778,-0.004534866116547091,0.9456093947949465
2022-10-03,0.006708199790630569,0.006700828140713715,0.9519457608377118
2022-10-04,0.0069039228358202444,0.006897666426083388,0.9585119651516945
2022-10-05,-0.0003719827564940005,-0.000384589807354386,0.9581433312196699
2022-10-06,-0.0008686409721540443,-0.0008837537023521382,0.9572965685033205
2022-10-07,-0.0046371502129075835,-0.0046535574567867265,0.9528417339186055
2022-10-10,-0.0026637795071494195,-0.0027003078497878676,0.9502687679048996
2022-10-11,-0.0022577512946423883,-0.0022592740801774696,0.9481218503083698
2022-10-12,-0.0011441054142655065,-0.0011460315661472457,0.9470352727393625
2022-10-13,0.00634254231014723,0.006321234658821796,0.9530217049285292
2022-10-14,-0.0030021950747479245,-0.003023912772095446,0.9501398504229116
2022-10-17,0.004043097706135219,0.004037977972800248,0.953976494209999
2022-10-18,0.0037399233922313026,0.003707731631624009,0.9575135830334073
2022-10-19,-0.001359897883621895,-0.0013851778235614146,0.9561872564524306
2022-10-20,-0.0020035857783308754,-0.0020129942722258943,0.9542624569820165
2022-10-21,0.00846267464390739,0.008440815744135641,0.9623172105529478
2022-10-24,0.003594551426352499,0.003583656262950711,0.9657658246514912
2022-10-26,0.0021886859407491566,0.0021825847815347224,0.9678736904429018
2022-10-27,-0.001197041337351503,-0.0012048587331113352,0.966707539374423
2022-10-28,0.005787070305268291,0.005783253963920827,0.9722982545834623
2022-10-31,-0.0023579502482206894,-0.002374587652194395,0.9699894471538782
2022-11-01,-0.0,-6.528695891963231e-05,0.9699261194926895
2022-11-02,-0.006965576072069638,-0.007021087113747636,0.9631161837138321
2022-11-03,-0.003283669176883937,-0.003291937883074342,0.9599456650628625
2022-11-04,0.00201925213765886,0.0019835307814330652,0.9618497468380179
2022-11-07,0.0011806588427332745,0.0011772859916793328,0.9629821190710708
2022-11-09,-0.0020208203164393188,-0.0020225198712265384,0.9610344685996136
2022-11-10,0.016863472400344463,0.01682848474285953,0.9772072224918043
2022-11-11,0.0017594763180467554,0.0017344618185282641,0.9789021511080063
2022-11-14,-0.0,-3.635825334232925e-05,0.9788665599355989
2022-11-15,0.0,0.0,0.9788665599355989
2022-11-16,-0.0,-0.0,0.9788665599355989
2022-11-17,-0.0,-0.0,0.9788665599355989
2022-11-18,0.0,0.0,0.9788665599355989
2022-11-21,-0.0008541319594021867,-0.0009011130611780803,0.9779844904932904
2022-11-22,0.002653871302080295,0.002646332606626825,0.9805725627392581
2022-11-23,0.0019284248523952943,0.0019066639026444562,0.9824421850485565
2022-11-25,-4.318899943732055e-05,-6.576622350209149e-05,0.9823775735362368
2022-11-28,-0.002825839277567884,-0.00282904779753509,0.9795983804254762
2022-11-29,-0.0003612724887984363,-0.00036792340241443417,0.9792379632563504
2022-11-30,0.006953286208103291,0.006951207872596515,0.9860448498956834
2022-12-01,-0.00010247131577391784,-0.00011876422682826395,0.9859277430414676
2022-12-02,-0.0,-2.7853950109712784e-05,0.985900281059301
2022-12-05,-0.0,-0.0,0.985900281059301
2022-12-06,-0.0,-0.0,0.985900281059301
2022-12-07,-0.0002151533988205417,-0.00024044561157337608,0.9856632256632715
2022-12-08,0.002211148900960656,0.002179990167459991,0.9878119618036443
2022-12-09,-0.002211400341929293,-0.0022141547346487453,0.9856247932714741
2022-12-12,0.005927423042103571,0.00590440280031249,0.9914443190609237
2022-12-13,0.003108857231429973,0.003108770343002651,0.9945264917567587
2022-12-14,-0.0007565802766106842,-0.0008150518853530552,0.9937159010646188
2022-12-15,-0.004739748326319599,-0.004754833687050178,0.9889909472228793
2022-12-16,-0.0031660969077859425,-0.0031809791899462705,0.985844987600718
2022-12-19,-0.003883097019090935,-0.00392104700880197,0.9819794430609438
2022-12-20,0.0005023888012223802,0.0004842239244129369,0.9824549410005555
2022-12-21,0.005859898642584065,0.005854936884567758,0.9882071526720455
2022-12-22,-0.0045079594668140915,-0.004523142217114143,0.9837373511805404
2022-12-23,0.002423524751950959,0.0024024576462311287,0.9861007385017673
2022-12-27,-0.0016859677376147221,-0.0016872094116482568,0.9844369800549339
2022-12-28,-0.006038741581032788,-0.006050414515691055,0.9784807282610264
2022-12-29,0.0074717610308210735,0.007457597994488535,0.9857778441777516
2022-12-30,-0.001210082937051104,-0.0012189418225593716,0.9845762383357309
2023-01-03,-0.002281310855076965,-0.0022978119283101413,0.9823138673109524
2023-01-04,0.004184797417603556,0.004184764259883545,0.9864246192748632
2023-01-05,-0.006254571740059616,-0.006255761103546759,0.9802537825100226
2023-01-06,0.012971567670715646,0.012968038200212377,0.9929657510075153
2023-01-09,-0.0002468480675412439,-0.000272912085101137,0.9926947586539737
2023-01-10,0.0029887699619675218,0.0029869433133047764,0.9956598816254879
2023-01-11,0.006297752873665833,0.006283406521233098,1.0019160174186237
2023-01-17,0.0029028970096954994,0.002900424648675739,1.0048219993314476
2023-01-18,-0.005659971830219549,-0.005690329908201998,0.9991042306562326
2023-01-19,-0.0019169500178382955,-0.00193598473353005,0.9971699801184768
2023-01-20,0.004034066635365292,0.004024711054094598,1.0011833011602709
2023-01-23,0.0,-4.3309147919012124e-05,1.001139940764587
2023-01-24,-0.00020458327752709128,-0.00024269536550198503,1.0008969687407443
2023-01-25,6.898715260627802e-05,6.766931081724215e-05,1.000964698748818
2023-01-26,0.0013753691233340704,0.001363603470523321,1.0023296176859033
2023-01-30,-0.0034330630810190665,-0.0034748384005673896,0.9988466842403423
2023-01-31,0.0016432363893809018,0.001598784253337078,1.0004436245906039
2023-02-01,0.0020509324132451864,0.0020346882103753306,1.0024792154387034
2023-02-03,0.0005801928981504849,0.0005723504548181883,1.0030529848736056
2023-02-06,-0.0,-3.075353641716723e-05,1.0030221374471069
2023-02-07,0.0,0.0,1.0030221374471069
2023-02-08,-0.0025798851993849687,-0.0026270713966326936,1.0003871266796303
2023-02-09,-0.0,-4.718619724772511e-05,1.0003399222153466
2023-02-10,0.000499406881591116,0.00045660581152335466,1.000796683237329
2023-02-13,0.003872644293298467,0.0038494665857581266,1.0046492166285885
2023-02-14,-0.0,-6.597877760810132e-05,1.0045829311013506
2023-02-15,0.0008335164918193013,0.0007821817797522888,1.005368697566308
2023-02-16,-0.005433717420328915,-0.0054613105180546725,0.9998780669237664
2023-02-17,-0.0006803987610289505,-0.0007048578966498619,0.9991732949726081
2023-02-21,-0.0031202498589884054,-0.0031436108512104192,0.9960322829602926
2023-02-22,-0.00017287000350853612,-0.00017888799740617086,0.9958541047398419
2023-02-23,0.0016181948132218608,0.0015824437395327321,0.9974299878333753
2023-02-24,-0.0030079016415655233,-0.003012427594703692,0.9944253022142412
2023-02-27,0.0006103871801191927,0.0005899152369827196,0.9950119288520586
2023-02-28,-0.0008745715709088714,-0.000886055327062121,0.9941302932320089
2023-03-01,-0.0007385045301543234,-0.0007473286630206265,0.9933873511690995
2023-03-02,0.001287176530796992,0.0012817746382978539,0.9946606498818339
2023-03-03,0.004123594618323061,0.004105272099098417,0.9987440024958648
2023-03-07,-0.00467564788400725,-0.004688070571008391,0.9940618201297928
2023-03-08,0.0,-6.384580248028987e-05,0.9939983534551716
2023-03-09,-0.0,-0.0,0.9939983534551716
2023-03-10,-0.0,-0.0,0.9939983534551716
2023-03-13,-0.0007066139075279828,-0.0008057765204221025,0.9931974129206191
2023-03-14,0.0071015447674483145,0.007088303933241507,1.0002374980491096
2023-03-15,-0.0023083600874333615,-0.00232046715986133,0.9979164797828247
2023-03-16,0.00871225061397138,0.00868675326220428,1.0065851340189857
2023-03-17,-0.005000694896492636,-0.0050144724883143385,1.0015376405573013
2023-03-20,0.003046225515215014,0.003024050085799377,1.00456634054516
2023-03-21,0.004441204219386144,0.004436916049660827,1.009023517064474
2023-03-22,-0.006650711705246463,-0.006661095039992843,1.0023023155197197
2023-03-23,0.0,-7.803054126080114e-05,1.0022241053275327
2023-03-24,0.0021377736477708135,0.0020726179816853074,1.0043013330299129
2023-03-28,-7.750383867690695e-05,-0.00010177312514583509,1.0041991221446622
2023-03-29,0.0,-4.088637961657813e-05,1.0041580640781436
2023-03-30,0.0010758460487871589,0.0010390998173435625,1.0052014845391113
2023-04-04,0.0017293992877007564,0.0017207480710343145,1.0069311830546328
2023-04-05,-0.0,-2.8095014777154443e-05,1.0069028933081652
2023-04-06,0.0005075734747505863,0.0004815506324538687,1.0073877680332572
2023-04-10,0.0004431787736057237,0.00038283937028649304,1.0077734357320054
2023-04-12,-0.001117088169139765,-0.0011447871474732866,1.0066197496552145
2023-04-13,0.003361490955213084,0.0033534423570543955,1.0099953909611559
2023-04-14,-0.0008183011038830553,-0.000834686110606506,1.0091523618365439
2023-04-17,0.0010894509547265004,0.001083175354037239,1.0102454508033536
2023-04-18,0.0002446642657132127,0.00023037457986942457,1.0104781856746474
2023-04-19,-0.0,-7.501376100171577e-05,1.0104023859055298
2023-04-20,-0.0011128714104862837,-0.001153657655452007,1.0092367274579428
2023-04-21,0.0001469853054703661,0.00014404034990006943,1.0093820982692978
2023-04-24,0.0,-3.7841289395426574e-05,1.0093439019492065
2023-04-25,-0.0,-0.0,1.0093439019492065
2023-04-26,-0.001655662456723461,-0.0017338409650841542,1.0075938601441492
2023-04-27,0.005209271146900232,0.0051834258140098935,1.0128166481688583
2023-04-28,0.004360252441295943,0.0043104139341532096,1.0171823071618677
2023-05-01,-0.0,-0.00010217168261308792,1.0170783799340208
2023-05-02,-0.0022669093478026657,-0.002307248376506194,1.0147317274931384
2023-05-03,-0.0014792090076867128,-0.0014819705325490524,1.013227924974551
2023-05-04,-0.0,-4.310055356586796e-05,1.0131842542900964
2023-05-05,0.0,0.0,1.0131842542900964
2023-05-08,8.00859174258843e-05,2.0047943726073037e-05,1.0132045665510105
2023-05-09,-0.0006949230555390834,-0.0007232682448799102,1.012471747862457
2023-05-10,0.0,-3.1692784358984434e-05,1.0124396598136824
2023-05-11,-0.0,-0.0,1.0124396598136824
2023-05-12,-0.0,-0.0,1.0124396598136824
2023-05-15,0.0007075274428808054,0.0006665112359532053,1.0131144622226729
2023-05-16,-0.0026696741882052304,-0.002708556864921211,1.0103703840910687
2023-05-17,0.0,-7.989888364358076e-05,1.0102896566253132
2023-05-18,0.0035703588358586146,0.0034962336819269898,1.0138218653513091
2023-05-19,-0.0,-7.412515393162499e-05,1.0137467156494808
2023-05-22,0.00011963228146130787,6.0723855103643385e-05,1.0138082742581536
2023-05-23,-0.0031489512553329714,-0.0031517433548227847,1.010613010766696
2023-05-24,-0.002879760376592116,-0.0029031428472008416,1.0076790568332006
2023-05-25,0.0,-7.949879747657717e-05,1.00759894755994
2023-05-26,0.0,0.0,1.00759894755994
2023-05-31,-0.0,-0.0,1.00759894755994
2023-06-01,0.0,0.0,1.00759894755994
2023-06-02,0.0022447124957800002,0.0022136676595487592,1.0098294367639489
2023-06-05,-0.0008226517341115212,-0.0008774714913689394,1.0089433402220433
2023-06-06,0.0,-8.586459348865892e-05,1.008856707712282
2023-06-07,-0.0008976254789174826,-0.0009495428882001639,1.007898755000261
2023-06-08,0.00207397190626842,0.0020573133051956256,1.009972318519213
2023-06-09,0.000980034932944508,0.0009393715489740398,1.0109210577804815
2023-06-16,0.012126780381406717,0.01211069855871459,1.0231640179779178
2023-06-20,-0.002280624168903983,-0.002285865889592405,1.0208252022497637
2023-06-21,-0.0,-8.791585094539524e-05,1.0207354555334414
2023-06-22,0.0006043102113554009,0.0005708286565209804,1.0213181205821869
2023-06-23,-0.0015339844963847705,-0.0015410841997633275,1.0197441833636256
2023-06-26,-0.0,-4.0581258212977486e-05,1.0197028008616094
2023-06-27,0.00396940286947199,0.0038969908033760926,1.0236765732987438
2023-06-28,0.00023598105837713168,0.00021481376742175183,1.0238964731200757
2023-07-05,0.0,-9.357935705127783e-05,1.023800657546434
2023-07-06,-0.0,-0.0,1.023800657546434
2023-07-07,-0.0009031823427649183,-0.0009747276407679876,1.022802730746887
2023-07-10,0.0,-7.154529800306932e-05,1.0227295540207173
2023-07-11,0.0021099387803545297,0.002043677266118052,1.0248196831596565
2023-07-14,0.0,-6.626151423647786e-05,1.024751777055631
2023-07-17,0.0,0.0,1.024751777055631
2023-07-18,0.0,0.0,1.024751777055631
2023-07-20,-0.0,-0.0,1.024751777055631
2023-07-21,0.0,0.0,1.024751777055631
2023-07-24,0.002284380002208164,0.0021821060683327063,1.0269878941268786
2023-07-27,-0.0,-0.00010227393387545792,1.0268828600349038
2023-07-28,0.0,0.0,1.0268828600349038
2023-07-31,0.0,0.0,1.0268828600349038
2023-08-01,-0.0,-0.0,1.0268828600349038
2023-08-02,-0.003472759114471055,-0.003522688016998086,1.0232654720889982
2023-08-03,-0.0,-4.992890252703092e-05,1.023214381566983
2023-08-04,-0.0,-0.0,1.023214381566983
2023-08-07,0.0,0.0,1.023214381566983
2023-08-08,-0.0,-0.0,1.023214381566983
2023-08-09,-0.0,-0.0,1.023214381566983
2023-08-10,0.0,0.0,1.023214381566983
2023-08-11,-0.0,-0.0,1.023214381566983
2023-08-14,0.0,0.0,1.023214381566983
2023-08-15,-0.0,-0.0,1.023214381566983
2023-08-16,-0.0,-0.0,1.023214381566983
2023-08-17,-0.0,-0.0,1.023214381566983
2023-08-18,0.0001472853151443764,8.607389079121262e-05,1.023302453609918
2023-08-21,0.0027455848880792322,0.0027223997621873023,1.0260882919662713
2023-08-22,-0.0005765494548151619,-0.0006183755744586842,1.0254537840292812
2023-08-23,0.0,-4.257043060157152e-05,1.025410130020133
2023-08-24,-0.007902536802846262,-0.00801657867067641,1.0171898490431182
2023-08-25,0.0012441068286544064,0.0011653599832294333,1.0183752413885403
2023-08-28,0.0,-3.529502240517524e-05,1.0183392978115786
2023-08-31,0.0037997030917155373,0.0037553723845463773,1.0221635410886787
2023-09-01,0.0,-4.4330707169159796e-05,1.0221182278560597
2023-09-05,-0.0012749539427769434,-0.0013339525052898976,1.0207547706853086
2023-09-06,-0.004410496163611353,-0.004482714466221561,1.0161790185082928
2023-09-07,-0.0016144916879062912,-0.0016405371131316285,1.0145119391148443
2023-09-08,0.0,-0.0001051714398978255,1.014405241433414
2023-09-11,0.0,0.0,1.014405241433414
2023-09-12,-0.0,-0.0,1.014405241433414
2023-09-13,0.0004134467566625835,0.00034252762401383086,1.0147527032505494
2023-09-14,0.003989473749633672,0.003967855575967657,1.0187790954223703
2023-09-15,-0.0,-9.253730631476777e-05,1.01868482034915
2023-09-18,0.0,0.0,1.01868482034915
2023-09-19,-0.0,-0.0,1.01868482034915
2023-09-20,-0.0,-0.0,1.01868482034915
2023-09-21,-0.004631934213900898,-0.004687982504000758,1.0139092437342623
2023-09-22,-0.0008681144293214603,-0.000889284753798265,1.0130075897020743
2023-09-25,0.0013537643817289659,0.0013409309519402375,1.0143659629336563
2023-09-26,-0.008323878794395681,-0.008372809793842053,1.0058728696646655
2023-09-27,0.00022410824719545368,0.0002230620501314831,1.0060972417291447
2023-09-28,0.0025865762886774675,0.0025635366890779435,1.0086764089210976
2023-09-29,-0.0015870960540260654,-0.0016286473687498984,1.0070336307417882
2023-10-02,-0.0002543928070505379,-0.0002571835829055115,1.0067746382245277
2023-10-03,-0.008992811378309963,-0.008999180432700423,0.9977144916000785
2023-10-04,0.004749767226032156,0.004745860788986118,1.0024495056843665
2023-10-05,-0.0001221618447400619,-0.0001877714367635725,1.0022612743004014
2023-10-06,0.0054928120639755555,0.005465128852559076,1.0077387613083832
2023-10-09,0.0017212679775650953,0.0016825118410293577,1.0094342937069487
2023-10-12,0.0023128436268667002,0.002220655051337971,1.0116758990702628
2023-10-13,-0.002474838596784629,-0.0025214246556616755,1.0091250345148084
2023-10-16,0.005842754592185371,0.005831064477359941,1.0150093076567823
2023-10-17,-1.4878365170352458e-05,-6.118304153345028e-05,1.014947206300155
2023-10-18,-0.0021928100232939574,-0.002224656347433265,1.0126892975553496
2023-10-19,-0.0019657309241331647,-0.001977562908369741,1.0106866407628012
2023-10-20,-0.002181142752647166,-0.0021903873183959323,1.0084728455620022
2023-10-23,-0.0,-3.550007610384385e-05,1.0084370446992361
2023-10-24,0.0014312335331630483,0.0013932663339117986,1.009842066083485
2023-10-25,-0.004808682668239147,-0.004837725473424869,1.004956727396257
2023-10-26,-0.00525965697899962,-0.005280494492506106,0.9996500589320341
2023-10-27,-0.0014028853859214358,-0.001428835042592768,0.9982217238975021
2023-10-30,0.002520513001555743,0.002500779195629756,1.0007180560172506
2023-10-31,0.0,-4.2164055346138634e-05,1.0006758616857507
2023-11-09,0.008733315298404059,0.008686611032280528,1.009368343665607
2023-11-10,0.007109789583837621,0.007065370716402895,1.016499905203006
2023-11-13,-0.0,-9.112313355825682e-05,1.016407278546382
2023-11-14,0.007390281659634818,0.0073140960858713334,1.0238413790440493
2023-11-15,0.0003973855371024609,0.0003587424276392405,1.024208674385885
2023-11-21,0.0,-3.7542464300264794e-05,1.0241702230682908
2023-11-22,0.0,0.0,1.0241702230682908
2023-11-24,0.0,0.0,1.0241702230682908
2023-11-27,-0.0,-0.0,1.0241702230682908
2023-11-28,0.0,0.0,1.0241702230682908
2023-11-29,-0.00021696784477933076,-0.0002786560991068116,1.0238848317891092
2023-11-30,0.0,-6.168825432748085e-05,1.0238216701212037
2023-12-01,0.001879030954012542,0.0018155060428795122,1.0256804245501399
2023-12-04,-0.0,-6.352491113302973e-05,1.0256152682923194
2023-12-05,-0.0,-0.0,1.0256152682923194
2023-12-06,-0.0,-0.0,1.0256152682923194
2023-12-07,0.0,0.0,1.0256152682923194
2023-12-08,0.0009037810327220743,0.0008617373051062341,1.0264990792296935
2023-12-15,0.0,-4.20437276158401e-05,1.0264559213820084
2023-12-18,0.0,0.0,1.0264559213820084
2023-12-19,0.0,0.0,1.0264559213820084
2023-12-20,-0.0,-0.0,1.0264559213820084
2023-12-21,0.0,0.0,1.0264559213820084
2023-12-22,0.0,0.0,1.0264559213820084
2023-12-29,0.0,0.0,1.0264559213820084
2024-01-02,-0.0,-0.0,1.0264559213820084
2024-01-03,-0.0,-0.0,1.0264559213820084
2024-01-04,-0.0007643780334301311,-0.0008118390135048083,1.0256226044193875
2024-01-05,0.0003615832665511008,0.00035624389070406477,1.02598797620638
2024-01-08,0.005505874886074013,0.005481540325147248,1.0316119706710714
2024-01-09,-0.0,-7.713491684847873e-05,1.0315323973674937
2024-01-10,0.0,0.0,1.0315323973674937
2024-01-11,-0.00014729299132646928,-0.0002141455075519145,1.0313114993387031
2024-01-12,0.0,-6.685251622544522e-05,1.03124255356996
2024-01-16,-0.0007189208455284978,-0.0007580859741823702,1.0304607830541186
2024-01-17,-0.0024863889375946204,-0.0025366829552747362,1.0278468307496662
2024-01-18,0.0034063149730229414,0.0033934640077222518,1.0313347919752665
2024-01-19,0.0034368667783271105,0.003415397020800181,1.0348572097512263
2024-01-26,0.0,-5.5138423506368984e-05,1.0348001493561265
2024-01-29,0.0,0.0,1.0348001493561265
2024-01-30,-0.00019118257572353094,-0.00024061676115969073,1.0345511590957408
2024-01-31,-0.0,-4.9434185436159776e-05,1.034500016901899
2024-02-01,0.003087236926976319,0.003040061084546566,1.037644960145245
2024-02-02,0.0,-4.71758424297532e-05,1.0375960083701072
2024-02-05,-0.0,-0.0,1.0375960083701072
2024-02-06,0.0,0.0,1.0375960083701072
2024-02-07,0.0,0.0,1.0375960083701072
2024-02-12,0.0,0.0,1.0375960083701072
2024-02-13,-0.0,-0.0,1.0375960083701072
2024-02-14,0.002531545287556975,0.0024758324883889177,1.0401649222774525
2024-02-15,0.0,-5.571279916805723e-05,1.040106971778036
2024-02-16,-0.0,-0.0,1.040106971778036
2024-02-20,-0.0,-0.0,1.040106971778036
2024-02-21,0.0,0.0,1.040106971778036
2024-02-22,0.0,0.0,1.040106971778036
2024-02-26,-0.0,-0.0,1.040106971778036
2024-02-27,0.0,0.0,1.040106971778036
2024-02-28,-0.0002266838235959478,-0.00026098810700630706,1.0398355162283877
2024-02-29,0.0009347707928191684,0.0009170701241002454,1.040789118314299
2024-03-01,0.001889319786584409,0.0018775631009100315,1.0427432655586746
2024-03-04,-0.0,-4.024826645490496e-05,1.0427012969498783
2024-03-05,-0.0,-0.0,1.0427012969498783
2024-03-06,0.0022627839732659036,0.002173473601513294,1.0449675806930625
2024-03-07,0.0,-8.93103717526097e-05,1.0448742542499614
2024-03-08,-0.0,-0.0,1.0448742542499614
2024-03-11,-0.0,-0.0,1.0448742542499614
2024-03-12,0.0,0.0,1.0448742542499614
2024-03-13,-0.0,-0.0,1.0448742542499614
2024-03-14,-0.0005305051448140752,-0.0005841773393868057,1.04426386238812
2024-03-15,-0.0,-5.367219457273046e-05,1.0442078144549125
2024-03-18,0.0,0.0,1.0442078144549125
2024-03-19,0.0,0.0,1.0442078144549125
2024-03-22,0.0,0.0,1.0442078144549125
2024-03-25,-0.0,-0.0,1.0442078144549125
2024-03-26,-0.0008793158923865986,-0.0009745291487435828,1.0431902035023803
2024-03-27,0.0027298515623046045,0.002699605137687805,1.0460064051353408
2024-03-28,-8.031376486521633e-05,-9.941279925419603e-05,1.0459024187105685
2024-04-01,-0.0,-8.40658661291643e-05,1.045814494017853
2024-04-02,-0.0016258152638818587,-0.0016769572955828904,1.0440607077722834
2024-04-03,0.0,-5.1142031701031603e-05,1.0440073123864688
2024-04-04,-0.0,-0.0,1.0440073123864688
2024-04-05,0.0,0.0,1.0440073123864688
2024-04-08,0.0,0.0,1.0440073123864688
2024-04-10,-0.0,-0.0,1.0440073123864688
2024-04-11,0.0,0.0,1.0440073123864688
2024-04-12,-0.0,-0.0,1.0440073123864688
2024-04-15,-0.0,-0.0,1.0440073123864688
2024-04-16,-0.0,-0.0,1.0440073123864688
2024-04-17,-0.001517579217846436,-0.0015688644549715339,1.0423694064233353
2024-04-18,-0.0,-5.1285237125097784e-05,1.042315948261155
2024-04-19,-0.003545075911619814,-0.0036263076688936788,1.0385361899445653
2024-04-22,0.002754311799059105,0.0027328971746730032,1.0413744025638605
2024-04-23,0.00586660115143952,0.005827541915191472,1.047443055544209
2024-04-24,-0.00011595778690902557,-0.00016596492135033416,1.0472692167398765
2024-04-25,-0.000817908069677444,-0.0008237166432379882,1.046406563656097
2024-04-26,0.0,-4.306066113395797e-05,1.046361504697651
2024-04-29,0.0006526527745266289,0.0006157953493595379,1.0470058492459928
2024-04-30,-0.0,-3.6857425167091065e-05,1.0469672593062547
2024-05-01,-0.0,-0.0,1.0469672593062547
2024-05-02,0.0,0.0,1.0469672593062547
2024-05-03,0.0,0.0,1.0469672593062547
2024-05-16,0.0,0.0,1.0469672593062547
2024-05-17,0.0,0.0,1.0469672593062547
2024-05-20,0.0,0.0,1.0469672593062547
2024-05-22,-0.0,-0.0,1.0469672593062547
2024-05-23,-0.0012019476960250378,-0.0012348587469681687,1.0456744026283111
2024-05-24,0.0,-3.291105094313091e-05,1.0456399883847762
2024-05-28,0.000250110880370307,0.00017851213886846117,1.045826647815589
2024-05-29,-0.0013420603560038652,-0.0013753286762674345,1.0443882924364436
2024-05-30,-0.001436385321368441,-0.001441361613087872,1.0428829512425675
2024-05-31,0.002645752558554196,0.002630961659398965,1.0456267363025273
2024-06-03,0.0,-5.809761211293845e-05,1.0455659878859866
2024-06-06,0.0,0.0,1.0455659878859866
2024-06-07,-0.0,-0.0,1.0455659878859866
2024-06-10,0.0,0.0,1.0455659878859866
2024-06-11,0.0,0.0,1.0455659878859866
2024-06-20,0.0,0.0,1.0455659878859866
2024-06-21,-0.0,-0.0,1.0455659878859866
2024-06-24,-0.0010453483281559288,-0.0011096644124131796,1.0444057605183998
2024-06-25,0.0,-6.431608425725064e-05,1.0443385884295076
2024-06-26,0.0006182400029315084,0.0005191649042854756,1.0448807723728113
2024-06-28,-0.0,-9.907509864603279e-05,1.044777250707215
2024-07-01,0.0,0.0,1.044777250707215
2024-07-02,0.0034676857105859545,0.0033646313326684955,1.0482925409806039
2024-07-11,0.0,-0.000103054377917459,1.0481845098449176
2024-07-12,0.0,0.0,1.0481845098449176
2024-07-15,0.0,0.0,1.0481845098449176
2024-07-17,-0.0,-0.0,1.0481845098449176
2024-07-18,-0.0,-0.0,1.0481845098449176
2024-07-19,-0.0,-0.0,1.0481845098449176
2024-07-22,0.0,0.0,1.0481845098449176
2024-07-23,-0.0,-0.0,1.0481845098449176
2024-07-24,-0.0,-0.0,1.0481845098449176
2024-07-25,-0.0,-0.0,1.0481845098449176
2024-07-26,0.0,0.0,1.0481845098449176
2024-07-29,0.0,0.0,1.0481845098449176
2024-07-30,-0.0,-0.0,1.0481845098449176
2024-07-31,0.002777933815821003,0.0027437537605097964,1.0510604700355126
2024-08-01,-0.0,-3.418005531120656e-05,1.0510245447305113
2024-08-02,-0.0,-0.0,1.0510245447305113
2024-08-05,-0.0,-0.0,1.0510245447305113
2024-08-06,0.0018764247113823842,0.0018357190867618841,1.0529539305479283
2024-08-07,-0.001425294579749897,-0.0014272372177427392,1.0514511155096817
2024-08-08,0.005036038515423075,0.005035117481398419,1.0567452954022205
2024-08-09,0.0011148412324791274,0.0011078455869362365,1.0579160060142474
2024-08-20,0.01971709149823016,0.019685906173483383,1.0787420412480702
2024-08-21,0.0013779888470797843,0.0013764356809251254,1.080226860284158
2024-08-22,-0.0,-8.019710077300807e-05,1.080140229221786
2024-08-23,0.0,0.0,1.080140229221786
2024-08-26,-0.0006540048197934515,-0.0007088771549275486,1.0793745424891725
2024-08-27,0.00032956123123926637,0.000322692828543414,1.0797228489133461
2024-08-28,-0.0015605197686814627,-0.001566277032572906,1.078031703813549
2024-08-29,2.7297929517029867e-05,2.0106062746139424e-05,1.078053378786628
2024-08-30,0.0014666668383311599,0.0014364418633085073,1.0796019397907983
2024-09-03,-0.0034760598917597378,-0.003479114381134989,1.0758458811561709
2024-09-04,-0.0003255315001155178,-0.0003275060119661879,1.075493535162143
2024-09-05,-0.0,-3.180806560250732e-05,1.0754593257932215
2024-09-06,-0.002257977192743287,-0.0022848099116734534,1.0730021056660475
2024-09-09,0.0,-2.683271893016652e-05,1.0729733141021347
2024-09-10,0.0,0.0,1.0729733141021347
2024-09-18,0.0,0.0,1.0729733141021347
2024-09-19,0.0,0.0,1.0729733141021347
2024-09-20,-0.00033989190186918273,-0.00037921474687821846,1.0725664267984205
2024-09-23,0.0005851297778082214,0.0005776240302196455,1.073185966940546
2024-09-24,0.001182351112715055,0.0011465350967384753,1.0744164123169706
2024-09-25,-0.0005324838974199053,-0.0005668418083094413,1.0738073881749355
2024-09-26,0.0018480699317635623,0.0018031312105270022,1.0757436037906483
2024-09-27,-0.0007266276355101151,-0.0007336021665416344,1.0749544359522643
2024-09-30,0.0007689776708500114,0.0007071571145317189,1.0757145976294453
2024-10-01,-0.004160365455176353,-0.004214867687922364,1.0711806029304707
2024-10-02,6.197545628291845e-05,-1.5320760400686626e-06,1.0711789618003345
2024-10-03,-0.0004769296645086738,-0.0004997319817268575,1.07064365941497
2024-10-04,0.0,-5.217641127564945e-05,1.0705877970710667
2024-10-07,-0.0,-0.0,1.0705877970710667
2024-10-08,0.0,0.0,1.0705877970710667
2024-10-09,0.0,0.0,1.0705877970710667
2024-10-10,-0.0,-0.0,1.0705877970710667
2024-10-11,0.0,0.0,1.0705877970710667
2024-10-14,0.0018328000071629383,0.0017879801225863087,1.0725019867717134
2024-10-15,-0.0,-4.481988457662969e-05,1.072453917356458
2024-10-16,0.0,0.0,1.072453917356458
2024-10-17,2.107682542832086e-05,-2.809795942655662e-05,1.0724237835898012
2024-10-21,0.0,-4.917478485487748e-05,1.0723710473809698
2024-10-22,-0.00015725683466219473,-0.00021648180227659255,1.0721388985639235
2024-10-23,-0.005883838783974587,-0.005953400039097617,1.065756026803295
2024-10-24,0.0004647852369914023,0.0003789794955810959,1.0661599264847454
2024-10-25,-0.0,-4.298048132712082e-05,1.0661141024179335
2024-10-28,0.0007237247700054081,0.00067690326413295,1.0668357585337984
2024-10-29,0.0,-4.6821505872458084e-05,1.0667858076770653
2024-10-30,-0.0,-0.0,1.0667858076770653
2024-10-31,-0.004972793696944898,-0.005023528307909422,1.0614267789737235
2024-11-01,0.0,-5.0734610964523676e-05,1.061372927899025
2024-11-04,-0.0,-0.0,1.061372927899025
2024-11-05,0.0034351841281641572,0.0033783655666735396,1.0649586336520385
2024-11-06,0.0,-5.681856149061775e-05,1.0648981242344273
2024-11-12,0.0,0.0,1.0648981242344273
2024-11-13,0.0,0.0,1.0648981242344273
2024-11-14,-0.0023319858220385396,-0.0024045177616394326,1.062337557780369
2024-11-15,-0.0030270044234972167,-0.00305227099630963,1.0590950156644656
2024-11-18,0.0010962439539546876,0.0010899985123968303,1.0602494276560268
2024-11-19,0.0,-5.3510808346337235e-05,1.0601926928521042
2024-11-27,0.0,0.0,1.0601926928521042
2024-11-29,0.0,0.0,1.0601926928521042
2024-12-02,0.0004605524497148725,0.0004091619409225233,1.0606264833520633
2024-12-05,0.00072866904705195,0.0007063114455102232,1.061375615976666
2024-12-06,0.0,-2.9032907250622375e-05,1.0613448011568494
2024-12-09,-0.0015227237678351823,-0.0015818616321538494,1.0596659005374134
2024-12-10,-0.0006237236587226752,-0.0006427389164297305,1.0589848120247245
2024-12-11,0.0,-4.0122606611611765e-05,1.058942322793704
2024-12-12,-0.0,-0.0,1.058942322793704
2024-12-13,-0.0,-0.0,1.058942322793704
2024-12-16,0.0,0.0,1.058942322793704
2024-12-17,-0.0,-0.0,1.058942322793704
2024-12-18,-0.0,-0.0,1.058942322793704
2024-12-19,-0.0,-0.0,1.058942322793704
2024-12-20,0.0,0.0,1.058942322793704
2024-12-23,0.0,0.0,1.058942322793704
2024-12-27,0.00014568720671668262,9.153446743461756e-05,1.059039252515265
2024-12-30,-0.0016070882604733627,-0.0016330750514939405,1.0573097619334295
2024-12-31,-0.0,-2.816594826148732e-05,1.0572799818013785
2025-01-02,-0.0,-0.0,1.0572799818013785
2025-01-03,0.0,0.0,1.0572799818013785
2025-01-06,0.00179340730811986,0.001731141649319837,1.059110283212867
2025-01-07,-0.0,-6.22656588000229e-05,1.0590443370133407
2025-01-08,0.00026483358466139126,0.00022858072609253713,1.0592864141368592
2025-01-10,-0.0,-3.625285856885414e-05,1.0592480119763035
2025-01-13,0.00022941169067672965,0.00019981907348862464,1.0594596699326513
2025-01-14,0.0005407023791919799,0.0004917031544156023,1.0599806095943334
2025-01-16,0.004506131779251055,0.004483062125328487,1.0647325685187883
2025-01-17,0.002385168562495847,0.0023771600220052233,1.0672636082147982
2025-01-21,0.0013063970944378939,0.0012874273925831622,1.068637632619121
2025-01-24,0.0,-2.854394569655922e-05,1.0686071294845663
2025-01-27,-0.0,-0.0,1.0686071294845663
2025-01-28,0.002356996351206812,0.0023021345856093934,1.0710672069157814
2025-01-29,-0.0,-5.486176559741844e-05,1.0710084462777365
2025-01-30,0.0010866676690630794,0.0010461738331582703,1.0721289072893236
2025-01-31,-0.0,-4.04938359048091e-05,1.0720854926772831
2025-02-03,-0.002541994185646426,-0.0026175407967204407,1.0692792651626284
2025-02-04,0.0012400644057904786,0.001201488552838445,1.0705639919595087
2025-02-05,0.0008247443029879113,0.0008210317741039974,1.0714429590131191
2025-02-07,-0.0,-4.068328700589545e-05,1.0713993691917072
2025-02-10,0.0,0.0,1.0713993691917072
2025-02-11,0.0,0.0,1.0713993691917072
2025-02-12,-0.0,-0.0,1.0713993691917072
2025-02-13,0.0,0.0,1.0713993691917072
2025-02-14,-1.356913175931792e-05,-6.864113802380157e-05,1.071325827119728
2025-02-18,0.0017030114641159722,0.0016420669273903732,1.0730850158289005
2025-02-19,0.0006619871883320933,0.0006021903198325237,1.07373121723779
2025-02-20,-0.0,-5.621967449051311e-05,1.0736708524182665
2025-02-21,-0.0,-0.0,1.0736708524182665
2025-02-24,-0.0,-0.0,1.0736708524182665
2025-02-25,-0.002249574602265841,-0.0023400434940974843,1.0711584159252632
2025-02-26,0.00026943057863311573,0.0002531507765803813,1.0714295805100953
2025-02-27,-0.010594045461661662,-0.010620037901604802,1.0600509577561776
2025-02-28,0.008358142501556006,0.008332518939199835,1.0688838524381978
2025-03-03,-0.007779664470849301,-0.007797972835216978,1.0605487251928827
2025-03-04,-0.006718754064891403,-0.006743466520324634,1.0533969503713716
2025-03-05,0.0057557381048502654,0.005749320840708556,1.0594532674116806
2025-03-06,-0.008052124703723473,-0.008068506712030802,1.0509050616124864
2025-03-07,0.0016696701724359484,0.0016385273211155574,1.0526269982678371
2025-03-10,-0.012803581827153984,-0.01284014154174706,1.0391111186194137
2025-03-11,-0.0039579281405261076,-0.003958844897193787,1.03499743886985
2025-03-12,0.002031675533546748,0.0020130241968477625,1.0370809137579704
2025-03-13,-0.006125252653786549,-0.006140580431124722,1.0307126349934552
2025-03-14,0.007534626266155122,0.007515681481135232,1.0384591428566476
2025-03-17,0.0023605264965857998,0.0023487956236299505,1.0408982711467079
2025-03-18,-0.002602771384786878,-0.002615832526095979,1.0381754555926852
2025-03-19,0.004611146793720409,0.004574629269989301,1.042924723419224
2025-03-20,-0.00113356839745277,-0.0011398469178440713,1.0417359488876912
2025-03-21,0.00016060396847636694,0.0001416408356382626,1.041883501238006
2025-03-24,0.007286215409220829,0.007270222752609988,1.0494582263742755
2025-03-26,-0.0035339931328062786,-0.0035414559477650286,1.0457416162965514
2025-03-27,-0.0,-7.390880265553608e-05,1.045664326785804
2025-03-28,-0.004706778884305977,-0.004753523545408712,1.0406937367878337
2025-03-31,0.0,-4.674466110273492e-05,1.0406450899117958
2025-04-01,0.0004867011164481938,0.00045223694772620926,1.041115708070924
2025-04-03,-0.0074636861355448485,-0.007463724803693697,1.0333451069370798
2025-04-04,-0.007721367433922186,-0.0077294918303102665,1.0253578743751186
2025-04-07,-0.00038656510000218856,-0.0004035918732077217,1.0249440482698913
2025-04-08,-0.0031715745012815535,-0.003174481428066669,1.021690382423851
2025-04-09,0.008201670565899212,0.008176791631075804,1.030044531792405
2025-04-10,-0.0021024656153809207,-0.0021084888222863696,1.0278726944106633
2025-04-11,0.0,-9.596145174312588e-06,1.027862830795067
2025-04-14,0.0007260051236423968,0.000711038025224858,1.0285936803524776
2025-04-15,-0.00013879821099378425,-0.0001438543114069251,1.028445712716873
2025-04-16,-0.0,-9.910998004398022e-06,1.0284355197934665
2025-04-17,0.00013691001668413784,0.00011771709262682441,1.0285565842328106
2025-04-21,-0.003646726148192629,-0.003658174527947515,1.0247939447358174
2025-04-22,0.002715804391364576,0.002706039597668306,1.0275670777297232
2025-04-23,0.0025988131140653255,0.00258614661739294,1.0302245168519382
2025-05-05,0.0022367418995939328,0.0022117257321155313,1.0325030909257158
2025-05-06,-0.0008172965025508253,-0.0008283259902802907,1.0316478417804573
2025-05-07,0.00025820732357521056,0.00025093060518008824,1.031906713797728
2025-05-08,0.0007556961439039722,0.0007462847532819097,1.0326768100450445
2025-05-09,-0.0001307302786283949,-0.00013189962488257647,1.0325406003611746
2025-05-12,0.006183409281811084,0.006166509457496757,1.038907771738551
2025-05-13,0.0012033475601447934,0.0012023700425381819,1.0401569233202494
2025-05-20,0.0,-3.644395971985199e-05,1.0401190158832336
2025-05-21,-0.0,-0.0,1.0401190158832336
2025-05-22,0.0,0.0,1.0401190158832336
2025-05-23,-0.0006281178083940997,-0.0006465221106555174,1.0394465559417518
2025-05-27,0.0036287382791781926,0.003612235117869816,1.0432012812942735
2025-05-28,-0.0014429431497199163,-0.0014579172842403708,1.041680380115333
2025-05-29,0.0005117291715415522,0.00048777439048622485,1.0421884851278251
2025-05-30,-0.00031743360785748163,-0.0003482636069613979,1.041825528806861
2025-06-02,0.0012031984689289544,0.0011891614074172685,1.0430644275189802
2025-06-03,0.0013907975196106707,0.0013847397506286828,1.0445088002942324
2025-06-04,-8.111030181978782e-05,-9.275718405339512e-05,1.0444119145991981
2025-06-05,-0.00147804755357975,-0.001478790399032891,1.0428674482872533
2025-06-06,0.002437106137046089,0.0024234041427268218,1.0453947375817476
2025-06-09,0.00028584919950272453,0.0002698842299136199,1.0456768731354555
2025-06-11,0.0010814731465224442,0.0010676961721612227,1.0467933383302197
2025-06-12,0.0013328661918524662,0.0013227335187111315,1.0481779669659925
2025-06-13,-0.00289517162332761,-0.002910454671567473,1.0451272925054023
2025-06-16,0.0015170701037631536,0.0014971692445760417,1.0466920249444083
2025-06-17,-0.0013355213867314534,-0.0013361539552006394,1.045293483255402
2025-06-18,-0.0,-3.125805188945157e-05,1.0452608094174627
2025-06-20,-0.0,-0.0,1.0452608094174627
2025-06-23,0.0,0.0,1.0452608094174627
2025-06-24,0.0031014134534055647,0.0030452654500444467,1.048443906046667
2025-07-01,0.00669477256074829,0.006676178205602507,1.0554435044020125
2025-07-02,0.0011514908458222786,0.001127550205509397,1.0566335699423046
2025-07-03,0.0,-5.08017181940197e-05,1.0565798911414501
2025-07-07,-0.0,-0.0,1.0565798911414501
2025-07-08,-0.0,-0.0,1.0565798911414501
2025-07-09,0.0,0.0,1.0565798911414501
2025-07-10,0.0,0.0,1.0565798911414501
2025-07-11,-0.0,-0.0,1.0565798911414501
2025-07-14,0.0,0.0,1.0565798911414501
2025-07-15,-0.0,-0.0,1.0565798911414501
2025-07-16,0.0010221581534582218,0.0009610105737526155,1.0575952755888514
2025-07-17,0.0,-6.114757970560634e-05,1.057530606197441
2025-07-18,-0.0,-0.0,1.057530606197441
2025-07-21,0.0,0.0,1.057530606197441
2025-07-22,8.417673560994e-05,-3.3479275201979175e-05,1.0574952008392415
2025-07-28,0.003937981613174064,0.0038816234658310164,1.0615999990258227
2025-07-29,-0.0007255804155366284,-0.000731860240623516,1.0608230561950898
2025-07-30,-0.0,-5.501803838198417e-05,1.0607646917914675
2025-07-31,-0.0011401045082973995,-0.001200890455833538,1.0594908295972099
2025-08-01,-0.014253905388662882,-0.014367049035422247,1.0442690728958064
2025-08-04,0.00975994516795415,0.009714437630161856,1.0544135596735598
2025-08-05,-0.0012032631940744572,-0.0012842189156286705,1.0530594618353315
2025-08-06,0.0,-4.7466334948995734e-05,1.0530094769621947
2025-08-07,-0.00021418130946347156,-0.00026532169235045085,1.052730090705706
2025-08-08,0.0,-5.1140382886979285e-05,1.0526762536857905
2025-08-11,-0.0007940976902602387,-0.0008744115588122969,1.0517557814018805
2025-08-12,0.0037677320377974815,0.003758199696032347,1.0557084896598452
2025-08-13,0.0013457751842154003,0.0013379276402655346,1.0571209512282242
2025-08-15,-0.0005361831173850211,-0.0005671182754737604,1.0565214386173964
2025-08-18,-9.422929031107354e-05,-0.0001331289242808494,1.0563807850547937
2025-08-19,-0.0051584079107050845,-0.005261981004919725,1.0508221294298732
2025-08-20,-0.0013247346775892997,-0.0014151869424612134,1.0493350196734548
2025-08-21,-0.0011534962016944879,-0.0011957059832027098,1.048080323512047
2025-08-22,0.006501956525233483,0.00647478260554571,1.0548664157599377
2025-08-25,-0.001371451776741741,-0.0013938069919195953,1.0533961355741104
2025-08-26,0.000917408987635111,0.000898906933755358,1.054343040664369
2025-08-27,0.0009396614915716217,0.0009010025623132796,1.0552930064455648
2025-08-29,-0.0007223938858544684,-0.0007457444066491401,1.054506027588632
2025-09-02,-0.003082623609713167,-0.003106692546052601,1.051230001572955
2025-09-03,0.0017761876890245417,0.0017585363992707252,1.0530786277947264
2025-09-04,0.0,-6.554730013178439e-05,1.053009601333848
2025-09-05,-0.0,-0.0,1.053009601333848
2025-09-08,0.0007556932770765317,0.0006941704894220837,1.053740569524172
2025-09-09,0.0,-6.152278765444798e-05,1.0536757404668702
2025-09-12,0.0033737769326251817,0.003311797595605348,1.057165301250696
2025-09-15,0.0013073942941576246,0.0012945292968585482,1.0585338327047873
2025-09-16,-0.0,-4.9114339720757165e-05,1.0584818435145218
2025-09-17,-0.0,-0.0,1.0584818435145218
2025-09-18,0.0026079756083691344,0.002496343638627366,1.061124177931182
2025-09-19,0.0,-0.00011163196974176827,1.061005722549059
2025-09-23,-0.0,-0.0,1.061005722549059
2025-09-24,-0.0,-0.0,1.061005722549059
2025-09-25,-0.0,-0.0,1.061005722549059
2025-09-26,0.0,0.0,1.061005722549059
2025-09-29,0.0008231839163511145,0.0007646028543990913,1.0618169705530538
2025-10-03,0.0,-5.8581061952023176e-05,1.06175476818732
2025-10-06,0.0,0.0,1.06175476818732
2025-10-07,-0.0,-0.0,1.06175476818732
2025-10-08,0.0,0.0,1.06175476818732
